INSERT INTO brands (id, name, logo_id)
VALUES (1, 'TopShop', '00000000-0000-0000-0000-000000000001'),
       (2, 'Mango', '00000000-0000-0000-0000-000000000002'),
       (3, 'Zara', '00000000-0000-0000-0000-000000000003'),
       (4, 'Bershka', '00000000-0000-0000-0000-000000000004'),
       (5, 'Asos', '00000000-0000-0000-0000-000000000005'),
       (6, 'River Island', '00000000-0000-0000-0000-000000000006');

INSERT INTO products (id, title, description, price, discount, for_kids, sex_type_id, clothing_type_id, category_type_id, brand_id, creation_date, update_date)
VALUES (1, 'PETITE Crepe Wrap Mini Dress', 'First clothes', 34.04, 0, false, 2, 2, 1, 1, '2016-05-11 13:58:56.22', '2016-03-11 13:58:56.22'),
       (2, 'Colorful clothing', 'Second', 123.04, 10, true, 1, 3, 2, 1, '2018-05-11 13:58:56.22', '2016-04-11 13:58:56.22'),
       (3, 'Awesome', 'Some cool dress', 2341.04, 12, true, 1, 4, 1, 1, '2011-05-11 13:58:56.22', '2016-05-11 13:58:56.22'),
       (4, 'Something', 'Third clothes', 33.04, 13, true, 1, 5, 3, 2, '2010-05-11 13:58:56.22', '2016-01-11 13:58:56.22'),
       (5, 'Unuseful', 'Fifth clothes', 1.04, 12, false, 2, 2, 2, 2, '2009-05-11 13:58:56.22', '2016-03-11 13:58:56.22'),
       (6, 'Home made', 'Sixth clothes', 3444.04, 99, false, 2, 1, 1, 3, '2021-05-11 13:58:56.22', '2016-04-11 13:58:56.22'),
       (7, 'Homeless', 'Some cool dress', 99.04, 23, false, 2, 10, 2, 3, '2020-05-11 13:58:56.22', '2016-05-11 13:58:56.22'),
       (8, 'Cool', 'Twenty one clothes', 1263.04, 89, true, 1, 10, 2, 3, '2012-05-11 13:58:56.22', '2016-12-11 13:58:56.22'),
       (9, 'Underwear', 'Maybe in future', 213.04, 43, true, 2, 10, 2, 3, '2013-05-11 13:58:56.22', '2016-11-11 13:58:56.22'),
       (10, 'Like ice cream', 'Careful', 87, 23, false, 1, 7, 1, 4, '2012-05-11 13:58:56.22', '2016-02-23 13:58:56.22'),
       (11, 'Nightmare', 'Some cool dress', 78346.04, 75, false, 1, 6, 2, 4, '2000-05-11 13:58:56.22', '2016-11-11 13:58:56.22'),
       (12, 'Understandable', 'Some cool dress', 32123.04, 0, false, 2, 5, 3, 5, '2018-05-11 13:58:56.22', '2016-02-11 13:58:56.22'),
       (13, 'Sleeping clothes', 'Some cool dress', 9999, 0, true, 2, 4, 1, 6, '2013-05-11 13:58:56.22', '2016-06-11 13:58:56.22'),
       (14, 'Wrong size', 'Some cool dress', 323.01, 0, true, 2, 3, 3, 6, '2012-05-11 13:58:56.22', '2016-07-11 13:58:56.22'),
       (15, 'Something very cool', 'Some cool dress', 9876.21, 0, false, 2, 2, 2, 6, '2019-05-11 13:58:56.22', '2016-08-11 13:58:56.22');

INSERT INTO products_sizes (product_id, size_id)
VALUES (1, 1),
       (1, 2),
       (1, 3),
       (2, 4),
       (2, 2),
       (2, 1),
       (2, 3),
       (3, 4),
       (4, 1),
       (4, 2),
       (5, 3),
       (5, 4),
       (5, 1),
       (6, 2),
       (7, 3),
       (7, 4),
       (7, 1),
       (8, 2),
       (9, 3),
       (9, 4),
       (9, 1),
       (10, 1),
       (11, 2),
       (11, 3),
       (12, 4),
       (13, 4),
       (13, 3),
       (13, 2),
       (14, 1),
       (14, 2),
       (15, 1),
       (15, 4),
       (15, 2);

INSERT INTO products_colors (product_id, color_id)
VALUES (1, 1),
       (1, 2),
       (1, 3),
       (2, 4),
       (2, 2),
       (2, 1),
       (2, 3),
       (3, 4),
       (4, 1),
       (4, 2),
       (5, 3),
       (5, 4),
       (5, 1),
       (6, 2),
       (7, 3),
       (7, 4),
       (7, 1),
       (8, 2),
       (9, 3),
       (9, 4),
       (9, 1),
       (10, 1),
       (11, 2),
       (11, 3),
       (12, 4),
       (13, 4),
       (13, 3),
       (13, 2),
       (14, 1),
       (14, 2),
       (15, 1),
       (15, 4),
       (15, 2);

INSERT INTO product_images (id, product_id, image_id)
VALUES (1, 6, '00000000-0000-0000-0000-000000000001'),
       (2, 6, '00000000-0000-0000-0000-000000000002'),
       (3, 6, '00000000-0000-0000-0000-000000000003'),
       (4, 6, '00000000-0000-0000-0000-000000000004');
